source_table,block_label,area_label,ds18_area,row_role,unit_psgc_code,from_unit_psgc_code,area_psgc_code,area_psgc_name,notes,reviewed_by,reviewed_on
psa_ds_18,,PHILIPPINES,PHILIPPINES,national_total,,,0000000000,Philippines,Validation only.,,
psa_ds_18,,National Capital Region,National Capital Region,unit,1300000000,,1300000000,National Capital Region (NCR),NCR is one unit (DL-012); the Excel row is both the region and the unit.,,
psa_ds_18,,Cordillera Administrative Region,Cordillera Administrative Region,region_total,,,1400000000,Cordillera Administrative Region,Region as printed by DS_18 (17 regions before NIR; Sulu under ARMM; Cotabato City under XII). Validation only.,,
psa_ds_18,,Abra,Abra,unit,1400100000,,1400100000,Abra,,,
psa_ds_18,,Apayao,Apayao,unit,1408100000,,1408100000,Apayao,,,
psa_ds_18,,Benguet,Benguet,unit,1401100000,,1401100000,Benguet,,,
psa_ds_18,,Ifugao,Ifugao,unit,1402700000,,1402700000,Ifugao,,,
psa_ds_18,,Kalinga,Kalinga,unit,1403200000,,1403200000,Kalinga,,,
psa_ds_18,,Mountain Province,Mountain Province,unit,1404400000,,1404400000,Mountain Province,,,
psa_ds_18,,Region I - Ilocos,Region I - Ilocos,region_total,,,0100000000,Region I - Ilocos,Region as printed by DS_18 (17 regions before NIR; Sulu under ARMM; Cotabato City under XII). Validation only.,,
psa_ds_18,,Ilocos Norte,Ilocos Norte,unit,0102800000,,0102800000,Ilocos Norte,,,
psa_ds_18,,Ilocos Sur,Ilocos Sur,unit,0102900000,,0102900000,Ilocos Sur,,,
psa_ds_18,,La Union,La Union,unit,0103300000,,0103300000,La Union,,,
psa_ds_18,,Pangasinan,Pangasinan,unit,0105500000,,0105500000,Pangasinan,,,
psa_ds_18,,Region II - Cagayan Valley,Region II - Cagayan Valley,region_total,,,0200000000,Region II - Cagayan Valley,Region as printed by DS_18 (17 regions before NIR; Sulu under ARMM; Cotabato City under XII). Validation only.,,
psa_ds_18,,Batanes,Batanes,unit,0200900000,,0200900000,Batanes,,,
psa_ds_18,,Cagayan,Cagayan,unit,0201500000,,0201500000,Cagayan,,,
psa_ds_18,,Isabela,Isabela,unit,0203100000,,0203100000,Isabela,,,
psa_ds_18,,Nueva Vizcaya,Nueva Vizcaya,unit,0205000000,,0205000000,Nueva Vizcaya,,,
psa_ds_18,,Quirino,Quirino,unit,0205700000,,0205700000,Quirino,,,
psa_ds_18,,Region III - Central Luzon,Region III - Central Luzon,region_total,,,0300000000,Region III - Central Luzon,Region as printed by DS_18 (17 regions before NIR; Sulu under ARMM; Cotabato City under XII). Validation only.,,
psa_ds_18,,Aurora,Aurora,unit,0307700000,,0307700000,Aurora,,,
psa_ds_18,,Bataan,Bataan,unit,0300800000,,0300800000,Bataan,,,
psa_ds_18,,Bulacan,Bulacan,unit,0301400000,,0301400000,Bulacan,,,
psa_ds_18,,Nueva Ecija,Nueva Ecija,unit,0304900000,,0304900000,Nueva Ecija,,,
psa_ds_18,,Pampanga,Pampanga,unit,0305400000,,0305400000,Pampanga,,,
psa_ds_18,,Tarlac,Tarlac,unit,0306900000,,0306900000,Tarlac,,,
psa_ds_18,,Zambales,Zambales,unit,0307100000,,0307100000,Zambales,,,
psa_ds_18,,Region IVA - CALABARZON,Region IVA - CALABARZON,region_total,,,0400000000,Region IVA - CALABARZON,Region as printed by DS_18 (17 regions before NIR; Sulu under ARMM; Cotabato City under XII). Validation only.,,
psa_ds_18,,Batangas,Batangas,unit,0401000000,,0401000000,Batangas,,,
psa_ds_18,,Cavite,Cavite,unit,0402100000,,0402100000,Cavite,,,
psa_ds_18,,Laguna,Laguna,unit,0403400000,,0403400000,Laguna,,,
psa_ds_18,,Quezon,Quezon,unit,0405600000,,0405600000,Quezon,"Includes City of Lucena (DL-011), so the total is used as is.",,
psa_ds_18,,Rizal,Rizal,unit,0405800000,,0405800000,Rizal,,,
psa_ds_18,,Region IVB - MIMAROPA,Region IVB - MIMAROPA,region_total,,,1700000000,Region IVB - MIMAROPA,Region as printed by DS_18 (17 regions before NIR; Sulu under ARMM; Cotabato City under XII). Validation only.,,
psa_ds_18,,Marinduque,Marinduque,unit,1704000000,,1704000000,Marinduque,,,
psa_ds_18,,Occidental Mindoro,Occidental Mindoro,unit,1705100000,,1705100000,Occidental Mindoro,,,
psa_ds_18,,Oriental Mindoro,Oriental Mindoro,unit,1705200000,,1705200000,Oriental Mindoro,,,
psa_ds_18,,Palawan,Palawan,unit,1705300000,,1705300000,Palawan,,,
psa_ds_18,,Romblon,Romblon,unit,1705900000,,1705900000,Romblon,,,
psa_ds_18,,Region V - Bicol,Region V - Bicol,region_total,,,0500000000,Region V - Bicol,Region as printed by DS_18 (17 regions before NIR; Sulu under ARMM; Cotabato City under XII). Validation only.,,
psa_ds_18,,Albay,Albay,unit,0500500000,,0500500000,Albay,,,
psa_ds_18,,Camarines Norte,Camarines Norte,unit,0501600000,,0501600000,Camarines Norte,,,
psa_ds_18,,Camarines Sur,Camarines Sur,unit,0501700000,,0501700000,Camarines Sur,,,
psa_ds_18,,Catanduanes,Catanduanes,unit,0502000000,,0502000000,Catanduanes,,,
psa_ds_18,,Masbate,Masbate,unit,0504100000,,0504100000,Masbate,,,
psa_ds_18,,Sorsogon,Sorsogon,unit,0506200000,,0506200000,Sorsogon,,,
psa_ds_18,,Region VI - Western Visayas,Region VI - Western Visayas,region_total,,,0600000000,Region VI - Western Visayas,Region as printed by DS_18 (17 regions before NIR; Sulu under ARMM; Cotabato City under XII). Validation only.,,
psa_ds_18,,Aklan,Aklan,unit,0600400000,,0600400000,Aklan,,,
psa_ds_18,,Antique,Antique,unit,0600600000,,0600600000,Antique,,,
psa_ds_18,,Capiz,Capiz,unit,0601900000,,0601900000,Capiz,,,
psa_ds_18,,Guimaras,Guimaras,unit,0607900000,,0607900000,Guimaras,,,
psa_ds_18,,Iloilo,Iloilo,unit,0603000000,,0603000000,Iloilo,,,
psa_ds_18,,Negros Occidental,Negros Occidental,unit,1804500000,,1804500000,Negros Occidental,,,
psa_ds_18,,Region VII - Central Visayas,Region VII - Central Visayas,region_total,,,0700000000,Region VII - Central Visayas,Region as printed by DS_18 (17 regions before NIR; Sulu under ARMM; Cotabato City under XII). Validation only.,,
psa_ds_18,,Bohol,Bohol,unit,0701200000,,0701200000,Bohol,,,
psa_ds_18,,Cebu,Cebu,unit,0702200000,,0702200000,Cebu,,,
psa_ds_18,,Negros Oriental,Negros Oriental,unit,1804600000,,1804600000,Negros Oriental,,,
psa_ds_18,,Siquijor,Siquijor,unit,1806100000,,1806100000,Siquijor,,,
psa_ds_18,,Region VIII - Eastern Visayas,Region VIII - Eastern Visayas,region_total,,,0800000000,Region VIII - Eastern Visayas,Region as printed by DS_18 (17 regions before NIR; Sulu under ARMM; Cotabato City under XII). Validation only.,,
psa_ds_18,,Biliran,Biliran,unit,0807800000,,0807800000,Biliran,,,
psa_ds_18,,Eastern Samar,Eastern Samar,unit,0802600000,,0802600000,Eastern Samar,,,
psa_ds_18,,Leyte,Leyte,unit,0803700000,,0803700000,Leyte,,,
psa_ds_18,,Northern Samar,Northern Samar,unit,0804800000,,0804800000,Northern Samar,,,
psa_ds_18,,Samar (Western Samar),Samar (Western Samar),unit,0806000000,,0806000000,Samar,Printed with its former name in brackets.,,
psa_ds_18,,Southern Leyte,Southern Leyte,unit,0806400000,,0806400000,Southern Leyte,,,
psa_ds_18,,Region IX - Zambonga Peninsula,Region IX - Zambonga Peninsula,region_total,,,0900000000,Region IX - Zambonga Peninsula,Region as printed by DS_18 (17 regions before NIR; Sulu under ARMM; Cotabato City under XII). Validation only.,,
psa_ds_18,,City of Isabela,City of Isabela,unit,0990101000,,0990101000,City of Isabela,,,
psa_ds_18,,Zambonga del Norte,Zambonga del Norte,unit,0907200000,,0907200000,Zamboanga del Norte,"Spelled ""Zambonga"" in DS_18.",,
psa_ds_18,,Zambonga del Sur,Zambonga del Sur,unit,0907300000,,0907300000,Zamboanga del Sur,"Spelled ""Zambonga"" in DS_18; includes City of Zamboanga.",,
psa_ds_18,,Zambonga Sibugay,Zambonga Sibugay,unit,0908300000,,0908300000,Zamboanga Sibugay,"Spelled ""Zambonga"" in DS_18.",,
psa_ds_18,,Region X - Northern Mindanao,Region X - Northern Mindanao,region_total,,,1000000000,Region X - Northern Mindanao,Region as printed by DS_18 (17 regions before NIR; Sulu under ARMM; Cotabato City under XII). Validation only.,,
psa_ds_18,,Bukidnon,Bukidnon,unit,1001300000,,1001300000,Bukidnon,,,
psa_ds_18,,Camiguin,Camiguin,unit,1001800000,,1001800000,Camiguin,,,
psa_ds_18,,Lanao del Norte,Lanao del Norte,unit,1003500000,,1003500000,Lanao del Norte,,,
psa_ds_18,,Misamis Occidental,Misamis Occidental,unit,1004200000,,1004200000,Misamis Occidental,,,
psa_ds_18,,Misamis Oriental,Misamis Oriental,unit,1004300000,,1004300000,Misamis Oriental,,,
psa_ds_18,,Region XI - Davao,Region XI - Davao,region_total,,,1100000000,Region XI - Davao,Region as printed by DS_18 (17 regions before NIR; Sulu under ARMM; Cotabato City under XII). Validation only.,,
psa_ds_18,,Compostela Valley,Compostela Valley,unit,1108200000,,1108200000,Davao de Oro,Old name of Davao de Oro (renamed 2019).,,
psa_ds_18,,Davao del Norte,Davao del Norte,unit,1102300000,,1102300000,Davao del Norte,,,
psa_ds_18,,Davao del Sur,Davao del Sur,unit,1102400000,,1102400000,Davao del Sur,,,
psa_ds_18,,Davao Occidental,Davao Occidental,unit,1108600000,,1108600000,Davao Occidental,,,
psa_ds_18,,Davao Oriental,Davao Oriental,unit,1102500000,,1102500000,Davao Oriental,,,
psa_ds_18,,Region XII - SOCCSKSARGEN,Region XII - SOCCSKSARGEN,region_total,,,1200000000,Region XII - SOCCSKSARGEN,Region as printed by DS_18 (17 regions before NIR; Sulu under ARMM; Cotabato City under XII). Validation only.,,
psa_ds_18,,Cotabato City,Cotabato City,not_a_unit,,,1908703000,City of Cotabato,Not a unit (D3). Used only to reconcile the national total.,,
psa_ds_18,,Cotabato (North Cotabato),Cotabato (North Cotabato),unit,1204700000,,1204700000,Cotabato,Includes the 63 barangays that became the BARMM Special Geographic Area in 2024 (DS_18 is 2020-based). PSA economy tables exclude them from Cotabato: see DL-025.,,
psa_ds_18,,Sarangani,Sarangani,unit,1208000000,,1208000000,Sarangani,,,
psa_ds_18,,South Cotabato,South Cotabato,unit,1206300000,,1206300000,South Cotabato,,,
psa_ds_18,,Sultan Kudarat,Sultan Kudarat,unit,1206500000,,1206500000,Sultan Kudarat,,,
psa_ds_18,,Caraga,Caraga,region_total,,,1600000000,Caraga,Region as printed by DS_18 (17 regions before NIR; Sulu under ARMM; Cotabato City under XII). Validation only.,,
psa_ds_18,,Agusan del Norte,Agusan del Norte,unit,1600200000,,1600200000,Agusan del Norte,,,
psa_ds_18,,Agusan del Sur,Agusan del Sur,unit,1600300000,,1600300000,Agusan del Sur,,,
psa_ds_18,,Surigao del Norte,Surigao del Norte,unit,1606700000,,1606700000,Surigao del Norte,,,
psa_ds_18,,Surigao del Sur,Surigao del Sur,unit,1606800000,,1606800000,Surigao del Sur,,,
psa_ds_18,,Dinagat Islands,Dinagat Islands,unit,1608500000,,1608500000,Dinagat Islands,,,
psa_ds_18,,Autonomous Region in Muslim Mindanao,Autonomous Region in Muslim Mindanao,region_total,,,1900000000,Autonomous Region in Muslim Mindanao,Region as printed by DS_18 (17 regions before NIR; Sulu under ARMM; Cotabato City under XII). Validation only.,,
psa_ds_18,,Basilan,Basilan,unit,1900700000,,1900700000,Basilan,,,
psa_ds_18,,Lanao del Sur,Lanao del Sur,unit,1903600000,,1903600000,Lanao del Sur,,,
psa_ds_18,,Maguindanao,Maguindanao,not_a_unit,,,,Maguindanao (before the 2022 split),DS_18 prints Maguindanao before its 2022 split; Maguindanao del Norte and del Sur stay NULL (#43 7.4). Used only to reconcile the national total.,,
psa_ds_18,,Sulu,Sulu,unit,0906600000,,0906600000,Sulu,,,
psa_ds_18,,Tawi-Tawi,Tawi-Tawi,unit,1907000000,,1907000000,Tawi-Tawi,,,
psa_ds_18_pdf_rows,,PHILIPPINES,PHILIPPINES,check_total,,,0000000000,Philippines,Same area as the Excel row; must match it for 2020-2025 (validation rule 9).,,
psa_ds_18_pdf_rows,,NATIONAL CAPITAL REGION,National Capital Region,check_total,1300000000,,1300000000,National Capital Region (NCR),Same area as the Excel row; must match it for 2020-2025 (validation rule 9).,,
psa_ds_18_pdf_rows,,ABRA,Abra,check_total,1400100000,,1400100000,Abra,Same area as the Excel row; must match it for 2020-2025 (validation rule 9).,,
psa_ds_18_pdf_rows,,APAYAO,Apayao,check_total,1408100000,,1408100000,Apayao,Same area as the Excel row; must match it for 2020-2025 (validation rule 9).,,
psa_ds_18_pdf_rows,,BENGUET,Benguet,check_total,1401100000,,1401100000,Benguet,Same area as the Excel row; must match it for 2020-2025 (validation rule 9).,,
psa_ds_18_pdf_rows,,IFUGAO,Ifugao,check_total,1402700000,,1402700000,Ifugao,Same area as the Excel row; must match it for 2020-2025 (validation rule 9).,,
psa_ds_18_pdf_rows,,KALINGA,Kalinga,check_total,1403200000,,1403200000,Kalinga,Same area as the Excel row; must match it for 2020-2025 (validation rule 9).,,
psa_ds_18_pdf_rows,,MOUNTAIN PROVINCE,Mountain Province,check_total,1404400000,,1404400000,Mountain Province,Same area as the Excel row; must match it for 2020-2025 (validation rule 9).,,
psa_ds_18_pdf_rows,,ILOCOS NORTE,Ilocos Norte,check_total,0102800000,,0102800000,Ilocos Norte,Same area as the Excel row; must match it for 2020-2025 (validation rule 9).,,
psa_ds_18_pdf_rows,,ILOCOS SUR,Ilocos Sur,check_total,0102900000,,0102900000,Ilocos Sur,Same area as the Excel row; must match it for 2020-2025 (validation rule 9).,,
psa_ds_18_pdf_rows,,LA UNION,La Union,check_total,0103300000,,0103300000,La Union,Same area as the Excel row; must match it for 2020-2025 (validation rule 9).,,
psa_ds_18_pdf_rows,,PANGASINAN,Pangasinan,check_total,0105500000,,0105500000,Pangasinan,Same area as the Excel row; must match it for 2020-2025 (validation rule 9).,,
psa_ds_18_pdf_rows,,BATANES,Batanes,check_total,0200900000,,0200900000,Batanes,Same area as the Excel row; must match it for 2020-2025 (validation rule 9).,,
psa_ds_18_pdf_rows,,CAGAYAN,Cagayan,check_total,0201500000,,0201500000,Cagayan,Same area as the Excel row; must match it for 2020-2025 (validation rule 9).,,
psa_ds_18_pdf_rows,,ISABELA,Isabela,check_total,0203100000,,0203100000,Isabela,Same area as the Excel row; must match it for 2020-2025 (validation rule 9).,,
psa_ds_18_pdf_rows,,NUEVA VIZCAYA,Nueva Vizcaya,check_total,0205000000,,0205000000,Nueva Vizcaya,Same area as the Excel row; must match it for 2020-2025 (validation rule 9).,,
psa_ds_18_pdf_rows,,QUIRINO,Quirino,check_total,0205700000,,0205700000,Quirino,Same area as the Excel row; must match it for 2020-2025 (validation rule 9).,,
psa_ds_18_pdf_rows,,AURORA,Aurora,check_total,0307700000,,0307700000,Aurora,Same area as the Excel row; must match it for 2020-2025 (validation rule 9).,,
psa_ds_18_pdf_rows,,BATAAN,Bataan,check_total,0300800000,,0300800000,Bataan,Same area as the Excel row; must match it for 2020-2025 (validation rule 9).,,
psa_ds_18_pdf_rows,,BULACAN,Bulacan,check_total,0301400000,,0301400000,Bulacan,Same area as the Excel row; must match it for 2020-2025 (validation rule 9).,,
psa_ds_18_pdf_rows,,NUEVA ECIJA,Nueva Ecija,check_total,0304900000,,0304900000,Nueva Ecija,Same area as the Excel row; must match it for 2020-2025 (validation rule 9).,,
psa_ds_18_pdf_rows,,PAMPANGA,Pampanga,check_total,0305400000,,0305400000,Pampanga,Same area as the Excel row; must match it for 2020-2025 (validation rule 9).,,
psa_ds_18_pdf_rows,,TARLAC,Tarlac,check_total,0306900000,,0306900000,Tarlac,Same area as the Excel row; must match it for 2020-2025 (validation rule 9).,,
psa_ds_18_pdf_rows,,ZAMBALES,Zambales,check_total,0307100000,,0307100000,Zambales,Same area as the Excel row; must match it for 2020-2025 (validation rule 9).,,
psa_ds_18_pdf_rows,,BATANGAS,Batangas,check_total,0401000000,,0401000000,Batangas,Same area as the Excel row; must match it for 2020-2025 (validation rule 9).,,
psa_ds_18_pdf_rows,,CAVITE,Cavite,check_total,0402100000,,0402100000,Cavite,Same area as the Excel row; must match it for 2020-2025 (validation rule 9).,,
psa_ds_18_pdf_rows,,LAGUNA,Laguna,check_total,0403400000,,0403400000,Laguna,Same area as the Excel row; must match it for 2020-2025 (validation rule 9).,,
psa_ds_18_pdf_rows,,QUEZON,Quezon,check_total,0405600000,,0405600000,Quezon,Same area as the Excel row; must match it for 2020-2025 (validation rule 9).,,
psa_ds_18_pdf_rows,,RIZAL,Rizal,check_total,0405800000,,0405800000,Rizal,Same area as the Excel row; must match it for 2020-2025 (validation rule 9).,,
psa_ds_18_pdf_rows,,MARINDUQUE,Marinduque,check_total,1704000000,,1704000000,Marinduque,Same area as the Excel row; must match it for 2020-2025 (validation rule 9).,,
psa_ds_18_pdf_rows,,OCCIDENTAL MINDORO,Occidental Mindoro,check_total,1705100000,,1705100000,Occidental Mindoro,Same area as the Excel row; must match it for 2020-2025 (validation rule 9).,,
psa_ds_18_pdf_rows,,ORIENTAL MINDORO,Oriental Mindoro,check_total,1705200000,,1705200000,Oriental Mindoro,Same area as the Excel row; must match it for 2020-2025 (validation rule 9).,,
psa_ds_18_pdf_rows,,PALAWAN,Palawan,check_total,1705300000,,1705300000,Palawan,Same area as the Excel row; must match it for 2020-2025 (validation rule 9).,,
psa_ds_18_pdf_rows,,ROMBLON,Romblon,check_total,1705900000,,1705900000,Romblon,Same area as the Excel row; must match it for 2020-2025 (validation rule 9).,,
psa_ds_18_pdf_rows,,ALBAY,Albay,check_total,0500500000,,0500500000,Albay,Same area as the Excel row; must match it for 2020-2025 (validation rule 9).,,
psa_ds_18_pdf_rows,,CAMARINES NORTE,Camarines Norte,check_total,0501600000,,0501600000,Camarines Norte,Same area as the Excel row; must match it for 2020-2025 (validation rule 9).,,
psa_ds_18_pdf_rows,,CAMARINES SUR,Camarines Sur,check_total,0501700000,,0501700000,Camarines Sur,Same area as the Excel row; must match it for 2020-2025 (validation rule 9).,,
psa_ds_18_pdf_rows,,CATANDUANES,Catanduanes,check_total,0502000000,,0502000000,Catanduanes,Same area as the Excel row; must match it for 2020-2025 (validation rule 9).,,
psa_ds_18_pdf_rows,,MASBATE,Masbate,check_total,0504100000,,0504100000,Masbate,Same area as the Excel row; must match it for 2020-2025 (validation rule 9).,,
psa_ds_18_pdf_rows,,SORSOGON,Sorsogon,check_total,0506200000,,0506200000,Sorsogon,Same area as the Excel row; must match it for 2020-2025 (validation rule 9).,,
psa_ds_18_pdf_rows,,AKLAN,Aklan,check_total,0600400000,,0600400000,Aklan,Same area as the Excel row; must match it for 2020-2025 (validation rule 9).,,
psa_ds_18_pdf_rows,,ANTIQUE,Antique,check_total,0600600000,,0600600000,Antique,Same area as the Excel row; must match it for 2020-2025 (validation rule 9).,,
psa_ds_18_pdf_rows,,CAPIZ,Capiz,check_total,0601900000,,0601900000,Capiz,Same area as the Excel row; must match it for 2020-2025 (validation rule 9).,,
psa_ds_18_pdf_rows,,GUIMARAS,Guimaras,check_total,0607900000,,0607900000,Guimaras,Same area as the Excel row; must match it for 2020-2025 (validation rule 9).,,
psa_ds_18_pdf_rows,,ILOILO,Iloilo,check_total,0603000000,,0603000000,Iloilo,Same area as the Excel row; must match it for 2020-2025 (validation rule 9).,,
psa_ds_18_pdf_rows,,NEGROS OCCIDENTAL,Negros Occidental,check_total,1804500000,,1804500000,Negros Occidental,Same area as the Excel row; must match it for 2020-2025 (validation rule 9).,,
psa_ds_18_pdf_rows,,BOHOL,Bohol,check_total,0701200000,,0701200000,Bohol,Same area as the Excel row; must match it for 2020-2025 (validation rule 9).,,
psa_ds_18_pdf_rows,,CEBU,Cebu,check_total,0702200000,,0702200000,Cebu,Same area as the Excel row; must match it for 2020-2025 (validation rule 9).,,
psa_ds_18_pdf_rows,,NEGROS ORIENTAL,Negros Oriental,check_total,1804600000,,1804600000,Negros Oriental,Same area as the Excel row; must match it for 2020-2025 (validation rule 9).,,
psa_ds_18_pdf_rows,,SIQUIJOR,Siquijor,check_total,1806100000,,1806100000,Siquijor,Same area as the Excel row; must match it for 2020-2025 (validation rule 9).,,
psa_ds_18_pdf_rows,,BILIRAN,Biliran,check_total,0807800000,,0807800000,Biliran,Same area as the Excel row; must match it for 2020-2025 (validation rule 9).,,
psa_ds_18_pdf_rows,,EASTERN SAMAR,Eastern Samar,check_total,0802600000,,0802600000,Eastern Samar,Same area as the Excel row; must match it for 2020-2025 (validation rule 9).,,
psa_ds_18_pdf_rows,,LEYTE,Leyte,check_total,0803700000,,0803700000,Leyte,Same area as the Excel row; must match it for 2020-2025 (validation rule 9).,,
psa_ds_18_pdf_rows,,NORTHERN SAMAR,Northern Samar,check_total,0804800000,,0804800000,Northern Samar,Same area as the Excel row; must match it for 2020-2025 (validation rule 9).,,
psa_ds_18_pdf_rows,,SAMAR (WESTERN SAMAR),Samar (Western Samar),check_total,0806000000,,0806000000,Samar,Same area as the Excel row; must match it for 2020-2025 (validation rule 9).,,
psa_ds_18_pdf_rows,,SOUTHERN LEYTE,Southern Leyte,check_total,0806400000,,0806400000,Southern Leyte,Same area as the Excel row; must match it for 2020-2025 (validation rule 9).,,
psa_ds_18_pdf_rows,,City of Isabela,City of Isabela,check_total,0990101000,,0990101000,City of Isabela,Same area as the Excel row; must match it for 2020-2025 (validation rule 9).,,
psa_ds_18_pdf_rows,,ZAMBOANGA DEL NORTE,Zambonga del Norte,check_total,0907200000,,0907200000,Zamboanga del Norte,Same area as the Excel row; must match it for 2020-2025 (validation rule 9).,,
psa_ds_18_pdf_rows,,ZAMBOANGA DEL SUR,Zambonga del Sur,check_total,0907300000,,0907300000,Zamboanga del Sur,Same area as the Excel row; must match it for 2020-2025 (validation rule 9).,,
psa_ds_18_pdf_rows,,ZAMBOANGA SIBUGAY,Zambonga Sibugay,check_total,0908300000,,0908300000,Zamboanga Sibugay,Same area as the Excel row; must match it for 2020-2025 (validation rule 9).,,
psa_ds_18_pdf_rows,,BUKIDNON,Bukidnon,check_total,1001300000,,1001300000,Bukidnon,Same area as the Excel row; must match it for 2020-2025 (validation rule 9).,,
psa_ds_18_pdf_rows,,CAMIGUIN,Camiguin,check_total,1001800000,,1001800000,Camiguin,Same area as the Excel row; must match it for 2020-2025 (validation rule 9).,,
psa_ds_18_pdf_rows,,LANAO DEL NORTE,Lanao del Norte,check_total,1003500000,,1003500000,Lanao del Norte,Same area as the Excel row; must match it for 2020-2025 (validation rule 9).,,
psa_ds_18_pdf_rows,,MISAMIS OCCIDENTAL,Misamis Occidental,check_total,1004200000,,1004200000,Misamis Occidental,Same area as the Excel row; must match it for 2020-2025 (validation rule 9).,,
psa_ds_18_pdf_rows,,MISAMIS ORIENTAL,Misamis Oriental,check_total,1004300000,,1004300000,Misamis Oriental,Same area as the Excel row; must match it for 2020-2025 (validation rule 9).,,
psa_ds_18_pdf_rows,,COMPOSTELA VALLEY,Compostela Valley,check_total,1108200000,,1108200000,Davao de Oro,Same area as the Excel row; must match it for 2020-2025 (validation rule 9).,,
psa_ds_18_pdf_rows,,DAVAO DEL NORTE,Davao del Norte,check_total,1102300000,,1102300000,Davao del Norte,Same area as the Excel row; must match it for 2020-2025 (validation rule 9).,,
psa_ds_18_pdf_rows,,DAVAO DEL SUR,Davao del Sur,check_total,1102400000,,1102400000,Davao del Sur,Same area as the Excel row; must match it for 2020-2025 (validation rule 9).,,
psa_ds_18_pdf_rows,,DAVAO OCCIDENTAL,Davao Occidental,check_total,1108600000,,1108600000,Davao Occidental,Same area as the Excel row; must match it for 2020-2025 (validation rule 9).,,
psa_ds_18_pdf_rows,,DAVAO ORIENTAL,Davao Oriental,check_total,1102500000,,1102500000,Davao Oriental,Same area as the Excel row; must match it for 2020-2025 (validation rule 9).,,
psa_ds_18_pdf_rows,,Cotabato City,Cotabato City,check_total,,,1908703000,City of Cotabato,Same area as the Excel row; must match it for 2020-2025 (validation rule 9).,,
psa_ds_18_pdf_rows,,COTABATO (NORTH COTABATO),Cotabato (North Cotabato),check_total,1204700000,,1204700000,Cotabato,Same area as the Excel row; must match it for 2020-2025 (validation rule 9).,,
psa_ds_18_pdf_rows,,SARANGANI,Sarangani,check_total,1208000000,,1208000000,Sarangani,Same area as the Excel row; must match it for 2020-2025 (validation rule 9).,,
psa_ds_18_pdf_rows,,SOUTH COTABATO,South Cotabato,check_total,1206300000,,1206300000,South Cotabato,Same area as the Excel row; must match it for 2020-2025 (validation rule 9).,,
psa_ds_18_pdf_rows,,SULTAN KUDARAT,Sultan Kudarat,check_total,1206500000,,1206500000,Sultan Kudarat,Same area as the Excel row; must match it for 2020-2025 (validation rule 9).,,
psa_ds_18_pdf_rows,,AGUSAN DEL NORTE,Agusan del Norte,check_total,1600200000,,1600200000,Agusan del Norte,Same area as the Excel row; must match it for 2020-2025 (validation rule 9).,,
psa_ds_18_pdf_rows,,AGUSAN DEL SUR,Agusan del Sur,check_total,1600300000,,1600300000,Agusan del Sur,Same area as the Excel row; must match it for 2020-2025 (validation rule 9).,,
psa_ds_18_pdf_rows,,SURIGAO DEL NORTE,Surigao del Norte,check_total,1606700000,,1606700000,Surigao del Norte,Same area as the Excel row; must match it for 2020-2025 (validation rule 9).,,
psa_ds_18_pdf_rows,,SURIGAO DEL SUR,Surigao del Sur,check_total,1606800000,,1606800000,Surigao del Sur,Same area as the Excel row; must match it for 2020-2025 (validation rule 9).,,
psa_ds_18_pdf_rows,,DINAGAT ISLANDS,Dinagat Islands,check_total,1608500000,,1608500000,Dinagat Islands,Same area as the Excel row; must match it for 2020-2025 (validation rule 9).,,
psa_ds_18_pdf_rows,,BASILAN,Basilan,check_total,1900700000,,1900700000,Basilan,Same area as the Excel row; must match it for 2020-2025 (validation rule 9).,,
psa_ds_18_pdf_rows,,LANAO DEL SUR,Lanao del Sur,check_total,1903600000,,1903600000,Lanao del Sur,Same area as the Excel row; must match it for 2020-2025 (validation rule 9).,,
psa_ds_18_pdf_rows,,MAGUINDANAO,Maguindanao,check_total,,,,Maguindanao (before the 2022 split),Same area as the Excel row; must match it for 2020-2025 (validation rule 9).,,
psa_ds_18_pdf_rows,,SULU,Sulu,check_total,0906600000,,0906600000,Sulu,Same area as the Excel row; must match it for 2020-2025 (validation rule 9).,,
psa_ds_18_pdf_rows,,TAWI-TAWI,Tawi-Tawi,check_total,1907000000,,1907000000,Tawi-Tawi,Same area as the Excel row; must match it for 2020-2025 (validation rule 9).,,
psa_ds_18_pdf_rows,BENGUET,BAGUIO CITY,,huc,1430300000,1401100000,1430300000,City of Baguio,HUC printed inside Benguet; subtracted from Benguet (DL-021).,,
psa_ds_18_pdf_rows,PAMPANGA,ANGELES CITY,,huc,0330100000,0305400000,0330100000,City of Angeles,HUC printed inside Pampanga; subtracted from Pampanga (DL-021).,,
psa_ds_18_pdf_rows,ZAMBALES,OLONGAPO CITY,,huc,0331400000,0307100000,0331400000,City of Olongapo,HUC printed inside Zambales; subtracted from Zambales (DL-021).,,
psa_ds_18_pdf_rows,PALAWAN,PUERTO PRINCESA CITY (CAPITAL),,huc,1731500000,1705300000,1731500000,City of Puerto Princesa,HUC printed inside Palawan; subtracted from Palawan (DL-021).,,
psa_ds_18_pdf_rows,ILOILO,Iloilo City,,huc,0631000000,0603000000,0631000000,City of Iloilo,HUC printed inside Iloilo; subtracted from Iloilo (DL-021).,,
psa_ds_18_pdf_rows,NEGROS OCCIDENTAL,BACOLOD CITY (Capital),,huc,1830200000,1804500000,1830200000,City of Bacolod,HUC printed inside Negros Occidental; subtracted from Negros Occidental (DL-021).,,
psa_ds_18_pdf_rows,CEBU,Cebu City (Capital),,huc,0730600000,0702200000,0730600000,City of Cebu,HUC printed inside Cebu; subtracted from Cebu (DL-021).,,
psa_ds_18_pdf_rows,CEBU,Lapu-Lapu City (Opon),,huc,0731100000,0702200000,0731100000,City of Lapu-Lapu,HUC printed inside Cebu; subtracted from Cebu (DL-021).,,
psa_ds_18_pdf_rows,CEBU,Mandaue City,,huc,0731300000,0702200000,0731300000,City of Mandaue,HUC printed inside Cebu; subtracted from Cebu (DL-021).,,
psa_ds_18_pdf_rows,LEYTE,TACLOBAN CITY (Capital),,huc,0831600000,0803700000,0831600000,City of Tacloban,HUC printed inside Leyte; subtracted from Leyte (DL-021).,,
psa_ds_18_pdf_rows,ZAMBOANGA DEL SUR,ZAMBOANGA CITY,,huc,0931700000,0907300000,0931700000,City of Zamboanga,HUC printed inside Zamboanga Del Sur; subtracted from Zamboanga del Sur (DL-021).,,
psa_ds_18_pdf_rows,MISAMIS ORIENTAL,CAGAYAN DE ORO CITY (Capital),,huc,1030500000,1004300000,1030500000,City of Cagayan De Oro,HUC printed inside Misamis Oriental; subtracted from Misamis Oriental (DL-021).,,
psa_ds_18_pdf_rows,LANAO DEL NORTE,ILIGAN CITY,,huc,1030900000,1003500000,1030900000,City of Iligan,HUC printed inside Lanao Del Norte; subtracted from Lanao del Norte (DL-021).,,
psa_ds_18_pdf_rows,DAVAO DEL SUR,DAVAO CITY,,huc,1130700000,1102400000,1130700000,City of Davao,HUC printed inside Davao Del Sur; subtracted from Davao del Sur (DL-021).,,
psa_ds_18_pdf_rows,SOUTH COTABATO,GENERAL SANTOS CITY (DADIANGAS),,huc,1230800000,1206300000,1230800000,City of General Santos,HUC printed inside South Cotabato; subtracted from South Cotabato (DL-021).,,
psa_ds_18_pdf_rows,AGUSAN DEL NORTE,BUTUAN CITY (Capital),,huc,1630400000,1600200000,1630400000,City of Butuan,HUC printed inside Agusan Del Norte; subtracted from Agusan del Norte (DL-021).,,
psa_ds_18_pdf_rows,NATIONAL CAPITAL REGION,CAR,Cordillera Administrative Region,region_total,,,1400000000,Cordillera Administrative Region,Region row; matched inside the block it is printed in. Must match the Excel region row.,,
psa_ds_18_pdf_rows,ABRA,REGION 1,Region I - Ilocos,region_total,,,0100000000,Region I - Ilocos,Region row; matched inside the block it is printed in. Must match the Excel region row.,,
psa_ds_18_pdf_rows,PANGASINAN,Region 2,Region II - Cagayan Valley,region_total,,,0200000000,Region II - Cagayan Valley,Region row; matched inside the block it is printed in. Must match the Excel region row.,,
psa_ds_18_pdf_rows,CAGAYAN,REGION 3,Region III - Central Luzon,region_total,,,0300000000,Region III - Central Luzon,Region row; matched inside the block it is printed in. Must match the Excel region row.,,
psa_ds_18_pdf_rows,ZAMBALES,REGION 4A,Region IVA - CALABARZON,region_total,,,0400000000,Region IVA - CALABARZON,Region row; matched inside the block it is printed in. Must match the Excel region row.,,
psa_ds_18_pdf_rows,RIZAL,MIMAROPA,Region IVB - MIMAROPA,region_total,,,1700000000,Region IVB - MIMAROPA,Region row; matched inside the block it is printed in. Must match the Excel region row.,,
psa_ds_18_pdf_rows,ROMBLON,REGION 5,Region V - Bicol,region_total,,,0500000000,Region V - Bicol,Region row; matched inside the block it is printed in. Must match the Excel region row.,,
psa_ds_18_pdf_rows,SORSOGON,REGION 6,Region VI - Western Visayas,region_total,,,0600000000,Region VI - Western Visayas,Region row; matched inside the block it is printed in. Must match the Excel region row.,,
psa_ds_18_pdf_rows,NEGROS OCCIDENTAL,REGION 7,Region VII - Central Visayas,region_total,,,0700000000,Region VII - Central Visayas,Region row; matched inside the block it is printed in. Must match the Excel region row.,,
psa_ds_18_pdf_rows,SIQUIJOR,REGION 8,Region VIII - Eastern Visayas,region_total,,,0800000000,Region VIII - Eastern Visayas,Region row; matched inside the block it is printed in. Must match the Excel region row.,,
psa_ds_18_pdf_rows,SOUTHERN LEYTE,REGION 9,Region IX - Zambonga Peninsula,region_total,,,0900000000,Region IX - Zambonga Peninsula,Region row; matched inside the block it is printed in. Must match the Excel region row.,,
psa_ds_18_pdf_rows,City of Isabela,REGION 10,Region X - Northern Mindanao,region_total,,,1000000000,Region X - Northern Mindanao,Region row; matched inside the block it is printed in. Must match the Excel region row.,,
psa_ds_18_pdf_rows,LANAO DEL NORTE,REGION 11,Region XI - Davao,region_total,,,1100000000,Region XI - Davao,Region row; matched inside the block it is printed in. Must match the Excel region row.,,
psa_ds_18_pdf_rows,DAVAO ORIENTAL,REGION 12,Region XII - SOCCSKSARGEN,region_total,,,1200000000,Region XII - SOCCSKSARGEN,Region row; matched inside the block it is printed in. Must match the Excel region row.,,
psa_ds_18_pdf_rows,Cotabato City,Caraga,Caraga,region_total,,,1600000000,Caraga,Region row; matched inside the block it is printed in. Must match the Excel region row.,,
psa_ds_18_pdf_rows,SURIGAO DEL SUR,ARMM,Autonomous Region in Muslim Mindanao,region_total,,,1900000000,Autonomous Region in Muslim Mindanao,Region row; matched inside the block it is printed in. Must match the Excel region row.,,
