dot_indent_level,dot_parent_label,dot_area_label,valid_from_year,valid_to_year,row_role,unit_psgc_code,area_psgc_code,exclude_reason,breaks_comparability,match_method,match_status,notes,reviewed_by,reviewed_on
0,,CAR (Cordillera Administrative Region),2019,,region_total,,1400000000,,false,rule,matched,"DOT region as printed (may differ from PSGC boundaries, e.g. Negros provinces under VI/VII). Reconciliation only.",,
0,,GRAND TOTAL,2019,,national_total,,,,false,,not_a_place,National total row; use only for reconciliation checks.,,
0,,MIMAROPA,2023,,region_total,,1700000000,,false,rule,matched,"Printed as ""Region IV-B MIMAROPA"" (2019–22) and ""MIMAROPA"" (2023–24). DOT region as printed (may differ from PSGC boundaries, e.g. Negros provinces under VI/VII). Reconciliation only.",,
0,,NCR (National Capital Region),2019,,region_total,,1300000000,,false,rule,matched,"DOT region as printed (may differ from PSGC boundaries, e.g. Negros provinces under VI/VII). Reconciliation only.",,
0,,Region I (ILOCOS REGION),2019,,region_total,,0100000000,,false,rule,matched,"DOT region as printed (may differ from PSGC boundaries, e.g. Negros provinces under VI/VII). Reconciliation only.",,
0,,Region II (CAGAYAN VALLEY),2019,,region_total,,0200000000,,false,rule,matched,"DOT region as printed (may differ from PSGC boundaries, e.g. Negros provinces under VI/VII). Reconciliation only.",,
0,,Region III (CENTRAL LUZON),2019,,region_total,,0300000000,,false,rule,matched,"DOT region as printed (may differ from PSGC boundaries, e.g. Negros provinces under VI/VII). Reconciliation only.",,
0,,Region IV-A CALABARZON,2019,,region_total,,0400000000,,false,rule,matched,"DOT region as printed (may differ from PSGC boundaries, e.g. Negros provinces under VI/VII). Reconciliation only.",,
0,,Region IV-B MIMAROPA,2019,2022,region_total,,1700000000,,false,rule,matched,"Printed as ""Region IV-B MIMAROPA"" (2019–22) and ""MIMAROPA"" (2023–24). DOT region as printed (may differ from PSGC boundaries, e.g. Negros provinces under VI/VII). Reconciliation only.",,
0,,Region IX (ZAMBOANGA PENINSULA),2019,,region_total,,0900000000,,false,rule,matched,"DOT region as printed (may differ from PSGC boundaries, e.g. Negros provinces under VI/VII). Reconciliation only.",,
0,,Region V (BICOL REGION),2019,,region_total,,0500000000,,false,rule,matched,"DOT region as printed (may differ from PSGC boundaries, e.g. Negros provinces under VI/VII). Reconciliation only.",,
0,,Region VI (WESTERN VISAYAS),2019,,region_total,,0600000000,,false,rule,matched,"DOT region as printed (may differ from PSGC boundaries, e.g. Negros provinces under VI/VII). Reconciliation only.",,
0,,Region VII (CENTRAL VISAYAS),2019,,region_total,,0700000000,,false,rule,matched,"DOT region as printed (may differ from PSGC boundaries, e.g. Negros provinces under VI/VII). Reconciliation only.",,
0,,Region VIII (EASTERN VISAYAS),2019,,region_total,,0800000000,,false,rule,matched,"DOT region as printed (may differ from PSGC boundaries, e.g. Negros provinces under VI/VII). Reconciliation only.",,
0,,Region X (NORTHERN MINDANAO),2019,,region_total,,1000000000,,false,rule,matched,"DOT region as printed (may differ from PSGC boundaries, e.g. Negros provinces under VI/VII). Reconciliation only.",,
0,,Region XI (DAVAO REGION),2019,,region_total,,1100000000,,false,rule,matched,"DOT region as printed (may differ from PSGC boundaries, e.g. Negros provinces under VI/VII). Reconciliation only.",,
0,,Region XII (SOCCSSARGEN),2019,,region_total,,1200000000,,false,rule,matched,"DOT region as printed (may differ from PSGC boundaries, e.g. Negros provinces under VI/VII). Reconciliation only.",,
0,,Region XIII (CARAGA),2019,,region_total,,1600000000,,false,rule,matched,"DOT region as printed (may differ from PSGC boundaries, e.g. Negros provinces under VI/VII). Reconciliation only.",,
1,CAR (Cordillera Administrative Region),Abra,2019,,province_unit,1400100000,1400100000,,false,name+region,matched,,,
1,CAR (Cordillera Administrative Region),Apayao,2019,,province_unit,1408100000,1408100000,,false,name+region,matched,,,
1,CAR (Cordillera Administrative Region),Baguio City,2019,,province_unit,1430300000,1430300000,,false,name+region,matched,"HUC: independent of the province; keep as its own unit (Province/HUC separate, per #33).",,
1,CAR (Cordillera Administrative Region),Benguet,2019,,province_unit,1401100000,1401100000,,false,name+region,matched,,,
1,CAR (Cordillera Administrative Region),Ifugao,2019,,province_unit,1402700000,1402700000,,false,name+region,matched,,,
1,CAR (Cordillera Administrative Region),Kalinga,2019,,province_unit,1403200000,1403200000,,false,name+region,matched,,,
1,CAR (Cordillera Administrative Region),Mountain Province,2019,,province_unit,1404400000,1404400000,,false,name+region,matched,,,
1,MIMAROPA,Marinduque,2023,,province_unit,1704000000,1704000000,,false,name+region,matched,,,
1,MIMAROPA,Occidental Mindoro,2023,,province_unit,1705100000,1705100000,,false,name+region,matched,,,
1,MIMAROPA,Oriental Mindoro,2023,,province_unit,1705200000,1705200000,,false,name+region,matched,,,
1,MIMAROPA,Palawan,2023,,province_unit,1705300000,1705300000,,false,name+region,matched,,,
1,MIMAROPA,Puerto Princesa City,2023,,province_unit,1731500000,1731500000,,false,name+region,matched,"HUC: independent of the province; keep as its own unit (Province/HUC separate, per #33).",,
1,MIMAROPA,Romblon,2023,,province_unit,1705900000,1705900000,,false,name+region,matched,,,
1,NCR (National Capital Region),Caloocan City,2019,2021,add_to_parent,1300000000,1380100000,,false,name+region,matched,NCR is one unit; DOT city rows (and Pateros) are summed into NCR.,,
1,NCR (National Capital Region),City of Caloocan,2022,,add_to_parent,1300000000,1380100000,,false,name+region,matched,NCR is one unit; DOT city rows (and Pateros) are summed into NCR.,,
1,NCR (National Capital Region),City of Las Piñas,2022,,add_to_parent,1300000000,1380200000,,false,name+region,matched,NCR is one unit; DOT city rows (and Pateros) are summed into NCR.,,
1,NCR (National Capital Region),City of Makati,2022,,add_to_parent,1300000000,1380300000,,false,name+region,matched,NCR is one unit; DOT city rows (and Pateros) are summed into NCR.,,
1,NCR (National Capital Region),City of Malabon,2022,,add_to_parent,1300000000,1380400000,,false,name+region,matched,NCR is one unit; DOT city rows (and Pateros) are summed into NCR.,,
1,NCR (National Capital Region),City of Mandaluyong,2022,,add_to_parent,1300000000,1380500000,,false,name+region,matched,NCR is one unit; DOT city rows (and Pateros) are summed into NCR.,,
1,NCR (National Capital Region),City of Manila,2022,,add_to_parent,1300000000,1380600000,,false,name+region,matched,NCR is one unit; DOT city rows (and Pateros) are summed into NCR.,,
1,NCR (National Capital Region),City of Marikina,2022,,add_to_parent,1300000000,1380700000,,false,name+region,matched,NCR is one unit; DOT city rows (and Pateros) are summed into NCR.,,
1,NCR (National Capital Region),City of Muntinlupa,2022,,add_to_parent,1300000000,1380800000,,false,name+region,matched,NCR is one unit; DOT city rows (and Pateros) are summed into NCR.,,
1,NCR (National Capital Region),City of Navotas,2022,,add_to_parent,1300000000,1380900000,,false,name+region,matched,NCR is one unit; DOT city rows (and Pateros) are summed into NCR.,,
1,NCR (National Capital Region),City of Parañaque,2022,,add_to_parent,1300000000,1381000000,,false,name+region,matched,NCR is one unit; DOT city rows (and Pateros) are summed into NCR.,,
1,NCR (National Capital Region),City of Pasig,2022,,add_to_parent,1300000000,1381200000,,false,name+region,matched,NCR is one unit; DOT city rows (and Pateros) are summed into NCR.,,
1,NCR (National Capital Region),City of San Juan,2022,,add_to_parent,1300000000,1381400000,,false,name+region,matched,NCR is one unit; DOT city rows (and Pateros) are summed into NCR.,,
1,NCR (National Capital Region),City of Taguig,2022,,add_to_parent,1300000000,1381500000,,false,name+region,matched,NCR is one unit; DOT city rows (and Pateros) are summed into NCR.,,
1,NCR (National Capital Region),City of Valenzuela,2022,,add_to_parent,1300000000,1381600000,,false,name+region,matched,NCR is one unit; DOT city rows (and Pateros) are summed into NCR.,,
1,NCR (National Capital Region),Las Piñas City,2019,2021,add_to_parent,1300000000,1380200000,,false,name+region,matched,NCR is one unit; DOT city rows (and Pateros) are summed into NCR.,,
1,NCR (National Capital Region),Makati City,2019,2021,add_to_parent,1300000000,1380300000,,false,name+region,matched,NCR is one unit; DOT city rows (and Pateros) are summed into NCR.,,
1,NCR (National Capital Region),Malabon City,2019,2021,add_to_parent,1300000000,1380400000,,false,name+region,matched,NCR is one unit; DOT city rows (and Pateros) are summed into NCR.,,
1,NCR (National Capital Region),Mandaluyong City,2019,2021,add_to_parent,1300000000,1380500000,,false,name+region,matched,NCR is one unit; DOT city rows (and Pateros) are summed into NCR.,,
1,NCR (National Capital Region),Manila,2019,2021,add_to_parent,1300000000,1380600000,,false,name+region,matched,NCR is one unit; DOT city rows (and Pateros) are summed into NCR.,,
1,NCR (National Capital Region),Marikina City,2019,2021,add_to_parent,1300000000,1380700000,,false,name+region,matched,NCR is one unit; DOT city rows (and Pateros) are summed into NCR.,,
1,NCR (National Capital Region),Muntinlupa City,2019,2021,add_to_parent,1300000000,1380800000,,false,name+region,matched,NCR is one unit; DOT city rows (and Pateros) are summed into NCR.,,
1,NCR (National Capital Region),Navotas City,2019,2021,add_to_parent,1300000000,1380900000,,false,name+region,matched,NCR is one unit; DOT city rows (and Pateros) are summed into NCR.,,
1,NCR (National Capital Region),Parañaque City,2019,2021,add_to_parent,1300000000,1381000000,,false,name+region,matched,NCR is one unit; DOT city rows (and Pateros) are summed into NCR.,,
1,NCR (National Capital Region),Pasay City,2019,,add_to_parent,1300000000,1381100000,,false,name+region,matched,NCR is one unit; DOT city rows (and Pateros) are summed into NCR.,,
1,NCR (National Capital Region),Pasig City,2019,2021,add_to_parent,1300000000,1381200000,,false,name+region,matched,NCR is one unit; DOT city rows (and Pateros) are summed into NCR.,,
1,NCR (National Capital Region),Pateros,2019,,add_to_parent,1300000000,1381701000,,false,name+region,matched_with_note,NCR is one unit; DOT city rows (and Pateros) are summed into NCR.,,
1,NCR (National Capital Region),Quezon City,2019,,add_to_parent,1300000000,1381300000,,false,name+region,matched,NCR is one unit; DOT city rows (and Pateros) are summed into NCR.,,
1,NCR (National Capital Region),San Juan City,2019,2021,add_to_parent,1300000000,1381400000,,false,name+region,matched,NCR is one unit; DOT city rows (and Pateros) are summed into NCR.,,
1,NCR (National Capital Region),Taguig City,2019,2021,add_to_parent,1300000000,1381500000,,false,name+region,matched,NCR is one unit; DOT city rows (and Pateros) are summed into NCR.,,
1,NCR (National Capital Region),Valenzuela City,2019,2021,add_to_parent,1300000000,1381600000,,false,name+region,matched,NCR is one unit; DOT city rows (and Pateros) are summed into NCR.,,
1,Region I (ILOCOS REGION),Ilocos Norte,2019,,province_unit,0102800000,0102800000,,false,name+region,matched,,,
1,Region I (ILOCOS REGION),Ilocos Sur,2019,,province_unit,0102900000,0102900000,,false,name+region,matched,,,
1,Region I (ILOCOS REGION),La Union,2019,,province_unit,0103300000,0103300000,,false,name+region,matched,,,
1,Region I (ILOCOS REGION),Pangasinan,2019,,province_unit,0105500000,0105500000,,false,name+region,matched,,,
1,Region II (CAGAYAN VALLEY),Batanes,2019,,province_unit,0200900000,0200900000,,false,name+region,matched,,,
1,Region II (CAGAYAN VALLEY),Cagayan,2019,,province_unit,0201500000,0201500000,,false,name+region,matched,,,
1,Region II (CAGAYAN VALLEY),Isabela,2019,,province_unit,0203100000,0203100000,,false,name+region,matched,,,
1,Region II (CAGAYAN VALLEY),Nueva Vizcaya,2019,,province_unit,0205000000,0205000000,,false,name+region,matched,,,
1,Region II (CAGAYAN VALLEY),Quirino,2019,,province_unit,0205700000,0205700000,,false,name+region,matched,,,
1,Region III (CENTRAL LUZON),Angeles City,2019,,province_unit,0330100000,0330100000,,false,name+region,matched,"HUC: independent of the province; keep as its own unit (Province/HUC separate, per #33).",,
1,Region III (CENTRAL LUZON),Aurora,2019,,province_unit,0307700000,0307700000,,false,name+region,matched,,,
1,Region III (CENTRAL LUZON),Bataan,2019,,province_unit,0300800000,0300800000,,false,name+region,matched,,,
1,Region III (CENTRAL LUZON),Bulacan,2019,,province_unit,0301400000,0301400000,,false,name+region,matched,,,
1,Region III (CENTRAL LUZON),Clark Freeport Zone,2023,,add_to_parent,0305400000,,,true,manual,matched_with_note,"DOT printed Clark as a sub-row inside Pampanga in 2019–2022 (e.g. 2022: Pampanga 1,124,190 incl. Clark 926,372). From 2023 Clark is a separate row and Pampanga excludes it, so it is added back to Pampanga to keep 2019 vs 2023 comparable. The zone also covers Capas, Tarlac. Needs team sign-off (decision log).",,
1,Region III (CENTRAL LUZON),Nueva Ecija,2019,,province_unit,0304900000,0304900000,,false,name+region,matched,,,
1,Region III (CENTRAL LUZON),Olongapo City,2019,,province_unit,0331400000,0331400000,,false,name+region,matched,"HUC: independent of the province; keep as its own unit (Province/HUC separate, per #33).",,
1,Region III (CENTRAL LUZON),Pampanga,2019,,province_unit,0305400000,0305400000,,false,name+region,matched,,,
1,Region III (CENTRAL LUZON),SBMA,2019,2022,exclude,,,no_psgc_unit,false,manual,unmappable,"Special economic zone spanning Zambales (Olongapo, Subic) and Bataan (Morong, Hermosa); printed separately in every year; no single PSGC unit. Kept in the exceptions list.",,
1,Region III (CENTRAL LUZON),Subic Bay Freeport Zone,2023,,exclude,,,no_psgc_unit,false,manual,unmappable,"Special economic zone spanning Zambales (Olongapo, Subic) and Bataan (Morong, Hermosa); printed separately in every year; no single PSGC unit. Kept in the exceptions list.",,
1,Region III (CENTRAL LUZON),Tarlac,2019,,province_unit,0306900000,0306900000,,false,name+region,matched,,,
1,Region III (CENTRAL LUZON),Tarlac City,2020,2020,province_unit,0306900000,0306900000,,false,manual,matched_with_note,"2020 only. Printed in the Tarlac province slot (no separate ""Tarlac"" row in 2020; no sub-rows), so treated as the province total. Value 45,175 vs 108,706 (2019) and 38,142 (2021) is consistent with a province total.",,
1,Region III (CENTRAL LUZON),Zambales,2019,,province_unit,0307100000,0307100000,,false,name+region,matched,,,
1,Region IV-A CALABARZON,Batangas,2019,,province_unit,0401000000,0401000000,,false,name+region,matched,,,
1,Region IV-A CALABARZON,Cavite,2019,,province_unit,0402100000,0402100000,,false,name+region,matched,,,
1,Region IV-A CALABARZON,Laguna,2019,,province_unit,0403400000,0403400000,,false,name+region,matched,,,
1,Region IV-A CALABARZON,Quezon,2019,,province_unit,0405600000,0405600000,,false,name+region,matched,,,
1,Region IV-A CALABARZON,Rizal,2019,,province_unit,0405800000,0405800000,,false,name+region,matched,,,
1,Region IV-B MIMAROPA,Marinduque,2019,2022,province_unit,1704000000,1704000000,,false,name+region,matched,,,
1,Region IV-B MIMAROPA,Occidental Mindoro,2019,2022,province_unit,1705100000,1705100000,,false,name+region,matched,,,
1,Region IV-B MIMAROPA,Oriental Mindoro,2019,2022,province_unit,1705200000,1705200000,,false,name+region,matched,,,
1,Region IV-B MIMAROPA,Palawan,2019,2022,province_unit,1705300000,1705300000,,false,name+region,matched,,,
1,Region IV-B MIMAROPA,Puerto Princesa City,2019,2022,province_unit,1731500000,1731500000,,false,name+region,matched,"HUC: independent of the province; keep as its own unit (Province/HUC separate, per #33).",,
1,Region IV-B MIMAROPA,Romblon,2019,2022,province_unit,1705900000,1705900000,,false,name+region,matched,,,
1,Region IX (ZAMBOANGA PENINSULA),Isabela City,2019,2022,province_unit,0990101000,0990101000,,false,name+region,matched_with_note,"Own unit (Independent city): component city with no province in PSGC (""Not a Province""); Basilan is in BARMM, which DOT does not report.",,
1,Region IX (ZAMBOANGA PENINSULA),Isabela City de Basilan,2023,,province_unit,0990101000,0990101000,,false,manual+name+region,matched_with_note,"2023–24 label; name collides with Isabela province (Region II) and Isabela, Negros Occidental, so it is matched by code. Own unit (Independent city): component city with no province in PSGC (""Not a Province""); Basilan is in BARMM, which DOT does not report.",,
1,Region IX (ZAMBOANGA PENINSULA),Zamboanga City,2019,,province_unit,0931700000,0931700000,,false,name+region,matched,"HUC: independent of the province; keep as its own unit (Province/HUC separate, per #33).",,
1,Region IX (ZAMBOANGA PENINSULA),Zamboanga Sibugay,2019,,province_unit,0908300000,0908300000,,false,name+region,matched,,,
1,Region IX (ZAMBOANGA PENINSULA),Zamboanga del Norte,2019,,province_unit,0907200000,0907200000,,false,name+region,matched,,,
1,Region IX (ZAMBOANGA PENINSULA),Zamboanga del Sur,2019,,province_unit,0907300000,0907300000,,false,name+region,matched,,,
1,Region V (BICOL REGION),Albay,2019,,province_unit,0500500000,0500500000,,false,name+region,matched,,,
1,Region V (BICOL REGION),Camarines Norte,2019,,province_unit,0501600000,0501600000,,false,name+region,matched,,,
1,Region V (BICOL REGION),Camarines Sur,2019,,province_unit,0501700000,0501700000,,false,name+region,matched,,,
1,Region V (BICOL REGION),Catanduanes,2019,,province_unit,0502000000,0502000000,,false,name+region,matched,,,
1,Region V (BICOL REGION),Masbate City,2019,,add_to_parent,0504100000,0504111000,,false,name+region,matched_with_note,Component city printed separately by DOT; added to Masbate province.,,
1,Region V (BICOL REGION),Masbate Province,2019,,province_unit,0504100000,0504100000,,false,name+region,matched,,,
1,Region V (BICOL REGION),Sorsogon City,2019,,add_to_parent,0506200000,0506216000,,false,name+region,matched_with_note,Component city printed separately by DOT; added to Sorsogon province.,,
1,Region V (BICOL REGION),Sorsogon Province,2019,,province_unit,0506200000,0506200000,,false,name+region,matched,,,
1,Region VI (WESTERN VISAYAS),Aklan,2019,,province_unit,0600400000,0600400000,,false,name+region,matched,,,
1,Region VI (WESTERN VISAYAS),Antique,2019,,province_unit,0600600000,0600600000,,false,name+region,matched,,,
1,Region VI (WESTERN VISAYAS),Bacolod City,2019,,province_unit,1830200000,1830200000,,false,name,matched_with_note,"Region changed: DOT lists under Region VI (WESTERN VISAYAS); PSGC 2Q 2026 places it in Negros Island Region (NIR). Assign region from PSGC (DL-003). HUC: independent of the province; keep as its own unit (Province/HUC separate, per #33).",,
1,Region VI (WESTERN VISAYAS),Boracay,2019,2020,add_to_parent,0600400000,0600412000,,true,manual,matched_sub_area,"OI-4: Aklan excludes Boracay in 2019–2020, so Boracay is added to Aklan.",,
1,Region VI (WESTERN VISAYAS),Boracay,2021,2022,exclude,,0600412000,double_count,true,manual,matched_sub_area,OI-4: Aklan equals Boracay in 2021–2022 (Caticlan jetty port count); not loaded to avoid double counting.,,
1,Region VI (WESTERN VISAYAS),Boracay (Malay),2023,,exclude,,0600412000,double_count,true,manual,matched_sub_area,OI-4: Aklan includes Boracay (Malay) in 2023–2024; not loaded to avoid double counting.,,
1,Region VI (WESTERN VISAYAS),Capiz,2019,,province_unit,0601900000,0601900000,,false,name+region,matched,,,
1,Region VI (WESTERN VISAYAS),Guimaras,2019,,province_unit,0607900000,0607900000,,false,name+region,matched,,,
1,Region VI (WESTERN VISAYAS),Iloilo City,2019,,province_unit,0631000000,0631000000,,false,name+region,matched,"HUC: independent of the province; keep as its own unit (Province/HUC separate, per #33).",,
1,Region VI (WESTERN VISAYAS),Iloilo Province,2019,,province_unit,0603000000,0603000000,,false,name+region,matched,,,
1,Region VI (WESTERN VISAYAS),Negros Occidental,2019,,province_unit,1804500000,1804500000,,false,name,matched_with_note,Region changed: DOT lists under Region VI (WESTERN VISAYAS); PSGC 2Q 2026 places it in Negros Island Region (NIR). Assign region from PSGC (DL-003).,,
1,Region VII (CENTRAL VISAYAS),Bohol,2019,,province_unit,0701200000,0701200000,,false,name+region,matched,,,
1,Region VII (CENTRAL VISAYAS),Cebu,2019,,province_unit,0702200000,0702200000,,false,name+region,matched,,,
1,Region VII (CENTRAL VISAYAS),Cebu City,2019,,province_unit,0730600000,0730600000,,false,name+region,matched,"HUC: independent of the province; keep as its own unit (Province/HUC separate, per #33).",,
1,Region VII (CENTRAL VISAYAS),Lapu-lapu City,2019,,province_unit,0731100000,0731100000,,false,name+region,matched,"HUC: independent of the province; keep as its own unit (Province/HUC separate, per #33).",,
1,Region VII (CENTRAL VISAYAS),Mandaue City,2019,,province_unit,0731300000,0731300000,,false,name+region,matched,"HUC: independent of the province; keep as its own unit (Province/HUC separate, per #33).",,
1,Region VII (CENTRAL VISAYAS),Negros Oriental,2019,,province_unit,1804600000,1804600000,,false,name,matched_with_note,Region changed: DOT lists under Region VII (CENTRAL VISAYAS); PSGC 2Q 2026 places it in Negros Island Region (NIR). Assign region from PSGC (DL-003).,,
1,Region VII (CENTRAL VISAYAS),Siquijor,2019,,province_unit,1806100000,1806100000,,false,name,matched_with_note,Region changed: DOT lists under Region VII (CENTRAL VISAYAS); PSGC 2Q 2026 places it in Negros Island Region (NIR). Assign region from PSGC (DL-003).,,
1,Region VIII (EASTERN VISAYAS),Biliran,2019,,province_unit,0807800000,0807800000,,false,name+region,matched,,,
1,Region VIII (EASTERN VISAYAS),Eastern Samar,2019,,province_unit,0802600000,0802600000,,false,name+region,matched,,,
1,Region VIII (EASTERN VISAYAS),Leyte,2019,,province_unit,0803700000,0803700000,,false,name+region,matched,,,
1,Region VIII (EASTERN VISAYAS),Northern Samar,2019,,province_unit,0804800000,0804800000,,false,name+region,matched,,,
1,Region VIII (EASTERN VISAYAS),Samar,2019,,province_unit,0806000000,0806000000,,false,name+region,matched,,,
1,Region VIII (EASTERN VISAYAS),Southern Leyte,2019,,province_unit,0806400000,0806400000,,false,name+region,matched,,,
1,Region VIII (EASTERN VISAYAS),Tacloban City,2019,,province_unit,0831600000,0831600000,,false,name+region,matched,"HUC: independent of the province; keep as its own unit (Province/HUC separate, per #33).",,
1,Region X (NORTHERN MINDANAO),Bukidnon,2019,,province_unit,1001300000,1001300000,,false,name+region,matched,,,
1,Region X (NORTHERN MINDANAO),Cagayan de Oro City,2019,,province_unit,1030500000,1030500000,,false,name+region,matched,"HUC: independent of the province; keep as its own unit (Province/HUC separate, per #33).",,
1,Region X (NORTHERN MINDANAO),Camiguin,2019,,province_unit,1001800000,1001800000,,false,name+region,matched,,,
1,Region X (NORTHERN MINDANAO),Iligan City,2019,,province_unit,1030900000,1030900000,,false,name+region,matched,"HUC: independent of the province; keep as its own unit (Province/HUC separate, per #33).",,
1,Region X (NORTHERN MINDANAO),Lanao del Norte,2019,,province_unit,1003500000,1003500000,,false,name+region,matched,,,
1,Region X (NORTHERN MINDANAO),Misamis Occidental,2019,,province_unit,1004200000,1004200000,,false,name+region,matched,,,
1,Region X (NORTHERN MINDANAO),Misamis Oriental,2019,,province_unit,1004300000,1004300000,,false,name+region,matched,,,
1,Region XI (DAVAO REGION),Davao City,2019,,province_unit,1130700000,1130700000,,false,name+region,matched,"HUC: independent of the province; keep as its own unit (Province/HUC separate, per #33).",,
1,Region XI (DAVAO REGION),Davao De Oro (ComVal),2019,,province_unit,1108200000,1108200000,,false,manual+name+region,matched_with_note,Former Compostela Valley; renamed Davao de Oro.,,
1,Region XI (DAVAO REGION),Davao Del Norte,2021,,province_unit,1102300000,1102300000,,false,name+region,matched,,,
1,Region XI (DAVAO REGION),Davao Occcidental,2019,,province_unit,1108600000,1108600000,,false,name+region,matched,,,
1,Region XI (DAVAO REGION),Davao Oriental,2019,,province_unit,1102500000,1102500000,,false,name+region,matched,,,
1,Region XI (DAVAO REGION),Davao del Norte,2019,2020,province_unit,1102300000,1102300000,,false,name+region,matched,,,
1,Region XI (DAVAO REGION),Davao del Sur,2019,,province_unit,1102400000,1102400000,,false,name+region,matched,,,
1,Region XII (SOCCSSARGEN),Cotabato City,2019,2022,exclude,,1908703000,outside_dot_coverage,false,name,matched_with_note,"PSGC places Cotabato City (ICC) in BARMM, which DOT does not report; DOT prints it under Region XII in 2019–2022 only. Excluded; gap documented.",,
1,Region XII (SOCCSSARGEN),General Santos City,2019,,province_unit,1230800000,1230800000,,false,name+region,matched,"HUC: independent of the province; keep as its own unit (Province/HUC separate, per #33).",,
1,Region XII (SOCCSSARGEN),North Cotabato,2019,,province_unit,1204700000,1204700000,,false,manual+name+region,matched_with_note,Province officially named Cotabato in PSGC.,,
1,Region XII (SOCCSSARGEN),North Cotabato (Cotabato Province),2023,2023,province_unit,1204700000,1204700000,,false,manual+name+region,matched_with_note,2023 label variant of North Cotabato.,,
1,Region XII (SOCCSSARGEN),Sarangani,2019,,province_unit,1208000000,1208000000,,false,name+region,matched,,,
1,Region XII (SOCCSSARGEN),South Cotabato,2019,,province_unit,1206300000,1206300000,,false,name+region,matched,,,
1,Region XII (SOCCSSARGEN),Sultan Kudarat,2019,,province_unit,1206500000,1206500000,,false,name+region,matched,,,
1,Region XIII (CARAGA),Agusan del Norte,2019,,province_unit,1600200000,1600200000,,false,name+region,matched,,,
1,Region XIII (CARAGA),Agusan del Sur,2019,,province_unit,1600300000,1600300000,,false,name+region,matched,,,
1,Region XIII (CARAGA),Butuan City,2019,,province_unit,1630400000,1630400000,,false,name+region,matched,"HUC: independent of the province; keep as its own unit (Province/HUC separate, per #33).",,
1,Region XIII (CARAGA),Dinagat Islands,2019,,province_unit,1608500000,1608500000,,false,name+region,matched,,,
1,Region XIII (CARAGA),Surigao del Norte,2019,,province_unit,1606700000,1606700000,,false,name+region,matched,,,
1,Region XIII (CARAGA),Surigao del Sur,2019,,province_unit,1606800000,1606800000,,false,name+region,matched,,,
